<?xml version="1.0" encoding="UTF-8"?>
<beans xmlns="http://www.springframework.org/schema/beans"
	xmlns:xsi="http://www.w3.org/2001/XMLSchema-instance" xmlns:jaxws="http://cxf.apache.org/jaxws"
	xmlns:cxf="http://cxf.apache.org/core" xmlns:soap="http://cxf.apache.org/bindings/soap"
	xsi:schemaLocation="http://cxf.apache.org/core http://cxf.apache.org/schemas/core.xsd http://www.springframework.org/schema/beans http://www.springframework.org/schema/beans/spring-beans.xsd http://cxf.apache.org/bindings/soap http://cxf.apache.org/schemas/configuration/soap.xsd http://cxf.apache.org/jaxws http://cxf.apache.org/schemas/jaxws.xsd">


	<jaxws:server id="AdvertisementHomeWSImpl" address="/AdvertisementHomeWSImpl"
		serviceClass="br.com.dmtec.forum.ws.AdvertisementHomeWS">
		<jaxws:serviceBean>
			<bean class="br.com.dmtec.forum.ws.impl.AdvertisementHomeWSImpl" />
		</jaxws:serviceBean>
	</jaxws:server>

	<jaxws:server id="UserWSImpl" address="/UserWSImpl"
		serviceClass="br.com.dmtec.forum.ws.UserWS">
		<jaxws:serviceBean>
			<bean class="br.com.dmtec.forum.ws.impl.UserWSImpl" />
		</jaxws:serviceBean>
	</jaxws:server>

	<cxf:bus>
		<cxf:features>
			<cxf:logging />
		</cxf:features>
	</cxf:bus>

</beans>